{
  "welcomeFile": "/index.html",
  "routes": [
    {
      "source": "^/catalog/(.*)$",
      "target": "/catalog/$1",
      "destination": "PGO",
      "authenticationType": "none",
      "csrfProtection": false
    },
    {
      "source": "^/bpmworkflowruntime/(.*)$",
      "target": "/$1",
      "service": "com.sap.bpm.workflow",
      "endpoint": "workflow_rest_url",
      "authenticationType": "xsuaa"
    },
    {
      "source": "/dms/(.*)",
      "target": "$1",
      "destination": "DMS_ROOT",
      "authenticationType": "none",
      "csrfProtection": false
    },
    {
      "source": "^/user-api(.*)",
      "target": "$1",
      "service": "sap-approuter-userapi"
    },
    {
      "source": "^/pdf-api/(.*)",
      "target": "$1",
      "destination": "GeneratePDF",
      "authenticationType": "none"
    },
    {
      "source": "^(.*)",
      "target": "$1",
      "authenticationType": "xsuaa",
      "service": "html5-apps-repo-rt"
    }
  ]
}
